Subject,Time_point,Score
1,Pre,39.2
1,Mid,49.15
1,Post,43.04
2,Pre,39.35
2,Mid,45.7
2,Post,49.7
3,Pre,32.2
3,Mid,42.4
3,Post,38.61
4,Pre,43.33
4,Mid,50.14
4,Post,53.16
5,Pre,42.23
5,Mid,46.08
5,Post,55.52
6,Pre,47.2
6,Mid,57.12
6,Post,59.2
7,Pre,43.25
7,Mid,50.34
7,Post,54.05
8,Pre,41.41
8,Mid,53.29
8,Post,56.38
9,Pre,48.11
9,Mid,57.32
9,Post,60.05
10,Pre,31.94
10,Mid,34.62
10,Post,42.58
11,Pre,49.47
11,Mid,51.46
11,Post,56.51
12,Pre,36.51
12,Mid,44.15
12,Post,53.1
13,Pre,47.6
13,Mid,44.9
13,Post,58.69
14,Pre,41.6
14,Mid,51.21
14,Post,46.17
15,Pre,38.82
15,Mid,38.3
15,Post,53.47
16,Pre,44.38
16,Mid,46.13
16,Post,56.28
17,Pre,46.04
17,Mid,52.05
17,Post,58.15
18,Pre,35.24
18,Mid,41.23
18,Post,48.83
