Participant_ID,Method,Score,Time_s
P001,Baseline,52.44,25.84
P002,Baseline,56.0,33.76
P003,Baseline,34.39,24.79
P004,Baseline,51.02,28.74
P005,Baseline,49.87,26.59
P006,Baseline,57.04,33.11
P007,Baseline,50.53,34.51
P008,Baseline,53.74,26.56
P009,Baseline,52.95,26.16
P010,Baseline,57.03,29.8
P011,Baseline,48.52,27.28
P012,Baseline,59.78,29.38
P013,Baseline,46.57,28.59
P014,Baseline,54.26,31.46
P015,Baseline,53.3,31.72
P016,Baseline,67.13,28.37
P017,Baseline,45.9,26.74
P018,Baseline,54.93,34.52
P019,Baseline,49.09,26.64
P020,Baseline,43.4,32.6
P021,Method_X,63.95,30.17
P022,Method_X,52.68,28.93
P023,Method_X,58.93,28.87
P024,Method_X,64.97,28.89
P025,Method_X,63.43,28.27
P026,Method_X,60.31,30.53
P027,Method_X,46.34,26.72
P028,Method_X,54.24,25.44
P029,Method_X,55.8,33.98
P030,Method_X,51.07,31.87
P031,Method_X,44.54,26.66
P032,Method_X,59.3,30.34
P033,Method_X,63.69,31.17
P034,Method_X,55.21,26.15
P035,Method_X,64.86,27.23
P036,Method_X,47.79,23.47
P037,Method_X,50.64,29.99
P038,Method_X,59.14,30.76
P039,Method_X,54.58,28.63
P040,Method_X,63.0,26.76
P041,Method_Y,69.65,23.35
P042,Method_Y,63.1,24.47
P043,Method_Y,56.43,27.95
P044,Method_Y,62.24,26.05
P045,Method_Y,69.85,27.79
P046,Method_Y,71.32,25.61
P047,Method_Y,62.61,25.68
P048,Method_Y,52.5,20.21
P049,Method_Y,55.42,22.01
P050,Method_Y,69.2,22.38
P051,Method_Y,62.97,31.2
P052,Method_Y,63.15,28.95
P053,Method_Y,58.53,25.18
P054,Method_Y,58.4,24.64
P055,Method_Y,72.72,19.09
P056,Method_Y,69.48,26.95
P057,Method_Y,61.25,20.22
P058,Method_Y,66.58,23.88
P059,Method_Y,67.86,26.09
P060,Method_Y,78.81,25.04
